2025-09-03 18:03:28.6566667,351924734865310,351924735885812,3380,Neon Smarta 2,1,2025-09-12 10:17:53.973
2025-09-01 16:44:45.8600000,351924737150082,351924738170188,3380,Neon Smarta 2,1,2025-09-13 12:52:34.500
2025-08-29 14:24:44.2733333,358104590507602,358104591017601,2780,Neon Ultra 2,1,2025-09-30 15:55:22.487
2025-09-13 13:47:02.1733333,358104590456107,358104590966105,7030,Neon Ultra 2,1,2025-09-22 12:04:18.173
2025-09-27 13:10:18.4866667,351924734700947,351924735721447,3380,Neon Smarta 2,1,2025-10-01 13:41:03.083
2025-08-21 14:04:31.1633333,351924734285519,351924735306017,3380,Neon Smarta 2,1,2025-08-30 13:53:40.120
2025-09-04 16:59:59.2833333,351924731026320,351924731740326,3380,Neon Smarta,1,2025-09-12 13:56:57.000
2025-07-22 10:03:17.2900000,358104590258966,358104590768964,7280,Neon Ultra 2,1,2025-08-20 09:10:02.827
2025-09-22 07:47:26.3600000,351924734778992,351924735799492,3380,Neon Smarta 2,1,2025-09-25 12:49:33.963
2025-09-17 15:40:50.3100000,358104590324297,358104590834295,2780,Neon Ultra 2,1,2025-10-09 12:09:42.653
2025-08-19 13:27:06.4566667,358104590263503,358104590773501,2780,Neon Ultra 2,1,2025-09-15 16:00:23.167
2025-09-08 12:44:42.5500000,358440603408150,358440603408168,6280,Neon Ultra,1,2025-09-26 08:53:28.540
2025-09-08 14:16:49.8366667,358104590272702,358104590782700,2780,Neon Ultra 2,1,2025-09-15 15:30:30.277
2025-09-10 15:03:16.8500000,351924734589795,351924735610293,6080,Neon Smarta 2,1,2025-10-13 14:35:53.117
2025-05-15 12:55:47.1866667,351924730217599,351924730523590,3380,Neon Smarta 2,1,2025-07-31 15:25:34.610
2025-09-12 08:55:26.9333333,358104590319842,358104590829840,6580,Neon Ultra 2,1,2025-09-18 14:48:49.650
2025-09-12 11:47:50.4433333,358104590369375,358104590879373,2780,Neon Ultra 2,1,2025-09-17 20:07:01.347
2025-08-28 15:27:19.2966667,358104590151138,358104590661136,2780,Neon Ultra 2,1,2025-09-26 12:11:45.123
2025-09-22 16:59:15.7266667,358104590614374,358104591124373,2780,Neon Ultra 2,1,2025-10-01 12:19:27.693
2025-09-05 13:28:17.2533333,351924732371352,351924732881558,3380,Neon Smarta 2,1,2025-09-11 16:13:48.523
2025-08-21 14:31:44.9133333,351924734225911,351924735246411,3380,Neon Smarta 2,1,2025-09-01 12:27:23.323
2025-09-09 10:28:26.5600000,358104590484752,358104590994750,6580,Neon Ultra 2,1,2025-09-15 14:51:09.460
2025-09-11 17:05:17.2300000,352070770861638,352070771882633,2180,Neon Smarta 2,1,2025-09-25 09:19:58.903
2025-09-04 16:49:20.0633333,358104590473136,358104590983134,2780,Neon Ultra 2,1,2025-09-12 11:55:56.533
2025-09-15 16:45:54.8733333,352070770199849,352070771220842,2180,Neon Smarta 2,1,2025-09-22 09:11:12.013
2025-08-23 16:40:52.5600000,358440602165090,358440602165108,2780,Neon Ultra,1,2025-09-01 12:10:41.173
2025-09-03 17:04:21.6000000,351924733440925,351924733951020,5380,Neon Smarta 2,1,2025-09-24 16:31:28.887
2025-08-15 12:19:27.3433333,351924731044224,351924731758229,6480,Neon Smarta 2,1,2025-09-22 12:39:30.583
2025-09-12 16:05:47.4366667,351924730045586,351924730351588,5380,Neon Smarta 2,1,2025-09-17 20:26:54.443
2025-09-30 16:51:51.3533333,351924734978071,351924735998573,5380,Neon Smarta 2,1,2025-10-13 10:49:22.823
2025-09-23 11:04:34.9033333,358104590450985,358104590960983,2780,Neon Ultra 2,1,2025-09-30 11:49:27.737
2025-09-03 12:31:19.1200000,352070770605134,352070771626139,2180,Neon Smarta 2,1,2025-09-12 16:28:48.083
2025-08-06 15:11:32.4600000,351924733443135,351924733953232,4180,Neon Smarta 2,1,2025-10-07 11:46:22.190
2025-09-01 10:30:25.2133333,358104590351118,358104590861116,2780,Neon Ultra 2,1,2025-09-11 11:38:32.020
2025-09-18 08:47:44.3833333,358104590607097,358104591117096,2780,Neon Ultra 2,1,2025-09-23 16:52:41.273
2025-08-19 16:49:52.9066667,351924730055254,351924730361256,3380,Neon Smarta,1,2025-08-26 10:38:36.460
2025-09-23 08:23:46.0466667,351924730748189,351924731462186,4180,Neon Smarta 2,1,2025-09-25 09:27:55.690
2025-09-16 15:43:50.4700000,351924734555804,351924735576304,5380,Neon Smarta 2,1,2025-09-23 10:39:44.600
2025-09-03 17:48:34.1900000,351924732298670,351924732808874,3380,Neon Smarta 2,1,2025-09-12 11:23:06.637
2025-09-05 08:26:42.2166667,358440601808534,358440601808542,2780,Neon Ultra,1,2025-09-23 17:25:09.980
2025-08-27 12:08:33.2566667,351924734927862,351924735948362,3380,Neon Smarta 2,1,2025-10-01 11:41:57.053
2025-08-23 10:11:51.0566667,351924734141449,351924735161941,3380,Neon Smarta 2,1,2025-09-04 13:03:32.150
2025-09-18 14:50:13.5200000,358440602210854,358440602210862,6280,Neon Ultra,1,2025-09-22 16:20:57.630
2025-09-22 09:11:40.6333333,351924731281941,351924731995946,3380,Neon Smarta 2,1,2025-09-25 14:57:52.797
2025-09-03 17:44:56.7066667,358104590473029,358104590983027,2780,Neon Ultra 2,1,2025-09-15 09:02:27.513
2025-09-05 13:26:39.7900000,351924732157892,351924732668096,3380,Neon Smarta 2,1,2025-09-15 11:53:25.817
2025-08-11 17:25:58.9900000,351924732550039,351924733060236,2180,Neon Smarta 2,1,2025-08-28 09:59:49.420
2025-09-17 09:16:20.4233333,352070770623590,352070771644595,2180,Neon Smarta 2,1,2025-09-22 10:49:11.627
2025-09-01 19:18:06.7633333,358440600803858,358440600803866,2780,Neon Ultra,1,2025-09-11 19:15:34.133
2025-09-07 13:12:34.2133333,358104590328165,358104590838163,2780,Neon Ultra 2,1,2025-09-15 14:36:26.630
2025-09-17 11:18:40.3900000,351924733310268,351924733820365,3380,Neon Smarta 2,1,2025-10-01 09:09:34.790
2025-09-11 12:41:13.1133333,358104590167886,358104590677884,2780,Neon Ultra 2,1,2025-09-17 20:16:20.087
2025-09-09 10:46:54.5700000,351924734817519,351924735838019,3380,Neon Smarta 2,1,2025-09-15 11:09:06.713
2025-09-16 10:32:51.9700000,358440601577899,358440601577907,2780,Neon Ultra,1,2025-09-23 09:52:15.697
2025-08-12 15:38:11.2300000,351924734864446,351924735884948,3380,Neon Smarta 2,1,2025-09-09 15:28:41.653
2025-09-18 14:52:29.1466667,351924730858566,351924731572562,5380,Neon Smarta 2,1,2025-09-22 16:26:52.243
2025-09-12 10:42:55.2300000,358104590374797,358104590884795,2780,Neon Ultra 2,1,2025-09-22 10:35:42.080
2025-09-08 08:30:33.4333333,351924733256065,351924733766162,3380,Neon Smarta 2,1,2025-10-01 13:43:43.393
2025-09-24 12:20:36.5400000,351924734876713,351924735897213,3380,Neon Smarta 2,1,2025-10-01 14:37:05.890
2025-09-10 14:04:38.8066667,351924731313868,351924732027863,3380,Neon Smarta 2,1,2025-09-15 15:09:14.157
2025-08-28 11:03:29.0400000,351924732380254,351924732890450,3380,Neon Smarta 2,1,2025-09-11 15:47:55.690
2025-09-12 17:13:55.4000000,358440600376772,358440600376780,6280,Neon Ultra,1,2025-09-17 10:48:59.820
2025-09-06 12:27:19.3700000,351924733286070,351924733796177,3380,Neon Smarta,1,2025-09-12 14:40:37.803
2025-09-13 14:30:21.6800000,352070770411723,352070771432728,3380,Neon Smarta 2,1,2025-09-22 11:02:34.013
2025-09-10 15:33:21.3566667,351924730144199,351924730450190,3380,Neon Smarta 2,1,2025-09-24 10:09:42.400
2025-08-19 08:48:11.2933333,352070770588561,352070771609564,2180,Neon Smarta 2,1,2025-09-16 17:33:30.273
2025-09-22 14:36:00.1533333,358104590574610,358104591084619,2780,Neon Ultra 2,1,2025-09-25 13:32:31.800
2025-09-20 16:33:46.8066667,358104590549927,358104591059926,2780,Neon Ultra 2,1,2025-09-26 11:10:25.223
2025-09-12 10:52:46.7933333,358104590145585,358104590655583,2780,Neon Ultra 2,1,2025-09-17 17:21:48.220
2025-09-17 19:01:27.5033333,358104590632988,358104591142987,2780,Neon Ultra 2,1,2025-09-22 09:40:15.287
2025-09-17 18:28:29.9100000,352070770747639,352070771768634,2180,Neon Smarta 2,1,2025-09-22 10:25:16.247
2025-09-10 17:34:10.7733333,351924731090177,351924731804171,2180,Neon Smarta 2,1,2025-09-15 08:50:18.720
2025-09-13 14:06:43.9066667,351924734579747,351924735600245,3380,Neon Smarta 2,1,2025-09-26 13:54:03.083
2025-09-18 09:02:07.5266667,358440603005378,358440603005386,2780,Neon Ultra,1,2025-09-23 10:05:01.557
2025-09-03 17:39:58.1300000,358104590003701,358104590054803,2780,Neon Ultra 2,1,2025-09-20 14:04:02.197
2025-09-12 14:55:53.6500000,358104590385777,358104590895775,2780,Neon Ultra 2,1,2025-09-17 08:21:27.037
2025-09-11 10:20:35.0766667,358104590232706,358104590742704,7380,Neon Ultra 2,1,2025-09-17 16:51:44.243
2025-09-16 12:29:31.8833333,351924733476671,351924733986778,3380,Neon Smarta 2,1,2025-09-23 14:50:34.820
2025-08-22 14:46:00.8700000,351924731084535,351924731798530,3380,Neon Smarta 2,1,2025-08-30 10:42:07.100
2025-09-03 17:17:33.9966667,351924733365254,351924733875351,4240,Neon Smarta 2,1,2025-09-12 10:04:17.907
2025-09-25 12:31:26.2633333,351924731289837,351924732003831,3380,Neon Smarta 2,1,2025-10-06 19:23:41.787
2025-09-02 17:30:40.1933333,351924734585645,351924735606143,3380,Neon Smarta 2,1,2025-09-09 13:12:22.730
2025-09-18 09:16:33.5766667,351924734189935,351924735210433,5380,Neon Smarta 2,1,2025-09-22 16:16:12.543
2025-09-11 13:31:07.0233333,351924732181439,351924732691635,2180,Neon Smarta 2,1,2025-09-25 09:14:54.247
2025-09-22 07:38:08.4900000,351924732104514,351924732614710,3380,Neon Smarta 2,1,2025-09-25 12:22:31.873
2025-09-01 16:23:19.0133333,351924734244037,351924735264539,3380,Neon Smarta 2,1,2025-09-15 11:42:49.407
2025-08-21 16:56:50.9066667,351924730713076,351924731427072,6480,Neon Smarta 2,1,2025-10-13 14:59:59.357
2025-09-04 13:03:41.2766667,358104590591044,358104591101041,2780,Neon Ultra 2,1,2025-09-18 16:03:25.473
2025-09-04 08:26:32.4200000,352070770558457,352070771579452,3380,Neon Smarta 2,1,2025-09-11 08:47:37.953
2025-09-13 13:55:11.8600000,358104590623102,358104591133101,2780,Neon Ultra 2,1,2025-09-22 12:42:49.023
2025-09-22 11:57:15.4933333,351924735038867,351924736059367,3380,Neon Smarta 2,1,2025-09-26 12:19:07.213
2025-07-11 11:16:21.0066667,358104590193064,358104590703060,2780,Neon Ultra 2,1,2025-07-24 13:33:04.180
2025-09-02 16:46:22.3600000,351924731296329,351924732010323,4180,Neon Smarta 2,1,2025-09-10 15:17:19.353
2025-09-25 13:08:50.9133333,358104590312268,358104590822266,2780,Neon Ultra 2,1,2025-10-06 19:05:09.050
2025-09-04 16:56:55.7266667,358104590301600,358104590811608,2780,Neon Ultra 2,1,2025-09-15 08:38:21.900
2025-04-11 16:17:04.7533333,358104590484133,358104590994131,8140,Neon Ultra 2,1,2025-06-27 10:35:23.963
2025-09-22 08:07:13.0666667,358104590188668,358104590698666,2780,Neon Ultra 2,1,2025-09-25 13:18:16.850
2025-08-25 14:10:35.5200000,352070770312160,352070771333165,2180,Neon Smarta 2,1,2025-09-24 14:55:19.840
2025-09-26 15:39:29.7333333,351924734222694,351924735243194,4580,Neon Smarta 2,1,2025-10-07 13:25:01.557
2025-09-09 14:45:14.5400000,352070770811757,352070771832752,2180,Neon Smarta 2,1,2025-09-16 10:07:15.370
2025-08-29 11:43:42.3033333,358440600600239,358440600600247,2780,Neon Ultra,1,2025-09-09 13:51:41.820
2025-09-04 15:16:25.5866667,358104590625016,358104591135015,2780,Neon Ultra 2,1,2025-09-16 11:07:10.000
2025-09-02 17:02:45.0100000,358104590215495,358104590725493,2780,Neon Ultra 2,1,2025-09-10 09:51:09.470
2025-08-14 13:34:36.9700000,351924734123967,351924735144467,2980,Neon Smarta 2,1,2025-09-01 09:33:05.580
2025-09-11 10:00:07.7633333,351924734987221,351924736007721,5380,Neon Smarta 2,1,2025-09-18 10:25:26.150
2025-09-11 16:52:14.1933333,351924733458257,351924733968354,2180,Neon Smarta 2,1,2025-09-29 19:17:12.510
2025-08-26 08:46:33.5533333,351924734315423,351924735335925,3380,Neon Smarta 2,1,2025-09-13 13:53:21.970
2025-09-02 16:13:38.3900000,351924734784172,351924735804672,3380,Neon Smarta 2,1,2025-09-09 14:39:42.170
2025-09-11 14:32:57.5500000,358104590580682,358104591090681,2780,Neon Ultra 2,1,2025-09-22 13:27:17.893
2025-09-18 09:28:03.0033333,358104590134217,358104590644215,2780,Neon Ultra 2,1,2025-09-23 11:37:01.157
2025-07-02 09:16:19.5933333,351924730914674,351924731628679,3380,Neon Smarta,1,2025-09-10 15:05:46.190
2025-09-06 13:29:07.9800000,358440603595311,358440603595329,2780,Neon Ultra,1,2025-09-10 14:34:49.390
2025-08-05 10:39:32.0500000,351924734257716,351924735278216,2180,Neon Smarta 2,1,2025-09-03 14:49:55.607
2025-09-10 13:58:05.4600000,358104590040380,358104590091482,4780,Neon Ultra 2,1,2025-09-15 14:57:02.360
2025-09-01 16:41:12.9966667,352070770875190,352070771896195,3380,Neon Smarta 2,1,2025-09-13 11:16:38.220
2025-09-01 15:35:30.3833333,351924733516963,351924734027069,3380,Neon Smarta 2,1,2025-09-09 14:57:35.193
2025-08-29 11:41:18.3533333,358440600835512,358440600835520,2780,Neon Ultra,1,2025-09-09 13:31:40.400
2025-09-02 16:43:25.8066667,358104590261036,358104590771034,2780,Neon Ultra 2,1,2025-09-10 13:38:31.340
2025-07-31 12:35:23.2633333,351924735045755,351924736066255,3380,Neon Smarta 2,1,2025-08-07 09:45:29.290
2025-08-22 16:24:33.2300000,351924733195974,351924733706077,5380,Neon Smarta 2,1,2025-09-23 14:05:29.487
2025-09-12 13:55:06.2033333,358440600025239,358440600025247,2780,Neon Ultra,1,2025-09-17 08:06:45.200
2025-06-24 11:22:35.6133333,358104590567242,358104591077241,2780,Neon Ultra 2,1,2025-07-01 11:50:19.820
2025-09-24 10:16:04.1500000,358104590202691,358104590712699,2780,Neon Ultra 2,1,2025-09-25 14:23:49.583
2025-08-28 17:06:19.9233333,351924731246316,351924731960312,2180,Neon Smarta 2,1,2025-09-10 13:34:21.727
2025-06-13 11:03:28.8833333,351924734637743,351924735658243,5380,Neon Smarta 2,1,2025-08-11 11:23:53.447
2025-08-12 16:47:27.8733333,351924733133736,351924733643833,3380,Neon Smarta 2,1,2025-08-30 11:26:38.593
2025-09-17 14:35:10.9033333,351924734777440,351924735797942,3380,Neon Smarta 2,1,2025-09-22 14:24:42.813
2025-08-21 16:35:12.1000000,358104590268635,358104590778633,2780,Neon Ultra 2,1,2025-09-23 12:14:44.993
2025-08-30 16:01:40.7500000,358104590381438,358104590891436,2780,Neon Ultra 2,1,2025-09-15 09:56:49.130
2025-09-22 16:50:29.8466667,351924734253889,351924735274389,3380,Neon Smarta 2,1,2025-09-29 12:31:47.303
2025-06-11 13:40:51.1000000,358104590177620,358104590687628,3480,Neon Ultra 2,1,2025-09-19 14:43:47.060
2025-08-28 17:28:08.6600000,351924730998107,351924731712101,3380,Neon Smarta 2,1,2025-09-15 17:05:40.497
2025-08-27 11:15:01.0033333,358104590222871,358104590732879,3480,Neon Ultra 2,1,2025-09-30 16:27:21.590
2025-08-28 11:40:22.8433333,351924730000813,351924730306814,3380,Neon Smarta 2,1,2025-09-15 14:42:31.177
2025-09-03 09:05:17.4666667,351924731184301,351924731898306,3380,Neon Smarta 2,1,2025-09-12 08:44:38.833
2025-09-10 15:17:58.2433333,351924733159913,351924733670018,2980,Neon Smarta 2,1,2025-09-17 16:40:05.620
2025-09-25 12:19:24.6166667,351924734432970,351924735453470,3380,Neon Smarta 2,1,2025-10-02 13:04:15.920
2025-08-27 12:24:24.4400000,351924734616234,351924735636736,5380,Neon Smarta 2,1,2025-09-12 16:59:55.280
2025-09-15 14:47:02.3933333,358104590534929,358104591044928,2780,Neon Ultra 2,1,2025-09-22 13:26:53.487
2025-09-10 15:47:54.1266667,352070770200498,352070771221493,4580,Neon Smarta 2,1,2025-09-26 12:05:31.853
2025-09-22 12:00:23.2533333,351924733183319,351924733693416,3380,Neon Smarta 2,1,2025-09-26 12:34:35.520
2025-09-03 17:31:37.8666667,358440601302736,358440601302744,2780,Neon Ultra,1,2025-09-15 09:25:32.967
2025-09-25 17:46:37.8700000,358104590569370,358104591079379,2780,Neon Ultra 2,1,2025-10-04 10:26:32.873
2025-06-14 14:08:16.8600000,351924734650381,351924735670883,2180,Neon Smarta 2,1,2025-06-20 16:14:31.357
2025-09-23 15:32:33.9400000,351924733295592,351924733805697,3380,Neon Smarta 2,1,2025-09-30 15:47:22.540
2025-08-14 11:39:09.9100000,351924733510602,351924734020700,6480,Neon Smarta 2,1,2025-08-21 15:29:42.640
2025-09-15 10:10:12.4300000,358104590189047,null,2780,Neon Ultra 2,1,2025-09-20 09:32:10.080
2025-07-02 11:57:49.5466667,358104590372395,358104590882393,3480,Neon Ultra 2,1,2025-09-20 10:12:28.303
2025-08-07 16:54:42.3900000,351924730795982,351924731509986,3380,Neon Smarta 2,1,2025-08-30 10:44:03.097
2025-09-08 17:10:43.9366667,351924730959158,351924731673154,3380,Neon Smarta 2,1,2025-09-20 10:24:32.073
2025-09-06 14:29:03.2966667,358440601545417,358440601545425,2780,Neon Ultra,1,2025-09-16 10:05:49.340
2025-03-06 10:57:38.6400000,351924730777634,351924731491631,3380,Neon Smarta 2,1,2025-07-03 14:16:33.037
2025-09-04 09:59:44.1666667,358104590433486,358104590943484,2780,Neon Ultra 2,1,2025-09-12 09:28:41.130
2025-08-26 17:18:38.8400000,351924731098717,351924731812711,3380,Neon Smarta 2,1,2025-09-10 14:23:35.857
2025-09-11 16:24:09.4066667,352070770914874,352070771935878,2180,Neon Smarta 2,1,2025-09-22 10:03:20.257
2025-09-22 17:44:46.4133333,351924734309814,351924735330314,3380,Neon Smarta 2,1,2025-10-03 10:12:32.940
2025-09-12 16:09:18.8000000,351924733472936,351924733983031,3380,Neon Smarta 2,1,2025-09-18 07:48:25.073
2025-08-02 10:21:10.1133333,351924734769892,351924735790392,6480,Neon Smarta 2,1,2025-09-16 17:36:08.630
2025-08-27 11:29:08.0400000,351924732314766,351924732824962,4080,Neon Smarta 2,1,2025-09-22 10:51:57.610
2025-09-10 11:52:31.8233333,351924732092578,351924732602772,3380,Neon Smarta 2,1,2025-09-15 12:44:36.963
2025-09-05 11:20:23.1766667,358440602137636,358440602137644,4480,Neon Ultra,1,2025-09-12 16:10:01.103
2025-09-04 14:31:27.4000000,351924732494600,351924733004804,3380,Neon Smarta 2,1,2025-09-15 14:26:42.873
2025-08-25 17:17:38.9500000,351924732043894,351924732043902,3380,Neon Smarta 2,1,2025-09-10 15:39:59.477
2025-09-05 10:12:20.2000000,351924732096876,351924732607078,5780,Neon Smarta 2,1,2025-09-13 17:05:34.890
2025-08-25 10:13:26.1400000,351924734410901,351924735431401,2180,Neon Smarta 2,1,2025-09-15 14:25:57.813
2025-09-22 07:40:15.9500000,358104590614598,358104591124597,2780,Neon Ultra 2,1,2025-09-25 12:35:48.627
2025-09-11 16:08:28.6666667,351924732458282,351924732968488,3380,Neon Smarta 2,1,2025-09-17 09:05:50.917
2025-09-24 14:50:13.2300000,351924734302884,351924735323384,3380,Neon Smarta 2,1,2025-10-06 18:39:45.813
2025-09-02 16:20:48.1266667,358104590428247,358104590938245,2780,Neon Ultra 2,1,2025-09-15 16:12:23.670
2025-09-10 11:23:34.5500000,351924735113181,351924736133683,3380,Neon Smarta 2,1,2025-09-15 12:17:34.380
2025-09-15 18:03:10.5433333,358104590231716,358104590741714,2780,Neon Ultra 2,1,2025-09-20 11:27:08.013
2025-08-29 13:08:02.6800000,358104590609184,358104591119183,2780,Neon Ultra 2,1,2025-09-09 12:41:19.403
2025-09-15 09:49:19.2800000,358104590350516,358104590860514,2780,Neon Ultra 2,1,2025-09-22 13:30:30.140
2025-09-04 15:52:11.1133333,351924733110700,351924733620807,4580,Neon Smarta 2,1,2025-09-27 11:26:55.997
2025-08-29 07:48:42.2466667,351924730241441,351924730547441,3380,Neon Smarta 2,1,2025-09-16 11:09:09.567
2025-08-27 11:53:02.3233333,351924731316119,351924732030115,6080,Neon Smarta 2,1,2025-10-01 12:54:20.307
2025-09-11 12:30:13.1066667,358440600869214,358440600869222,2780,Neon Ultra,1,2025-09-18 10:36:59.950
2025-09-26 10:04:33.1233333,352070770061379,352070771082374,3380,Neon Smarta 2,1,2025-10-02 11:28:37.473
2025-07-28 11:29:54.1533333,358104590158661,358104590668669,2780,Neon Ultra 2,1,2025-08-07 10:08:06.510
2025-09-22 17:11:51.1400000,358104590431886,358104590941884,6580,Neon Ultra 2,1,2025-10-02 10:02:16.193
2025-09-03 17:23:10.4600000,352070770714324,352070771735328,3380,Neon Smarta 2,1,2025-09-12 10:41:39.167
2025-09-17 09:22:02.2300000,351924734643675,351924735664175,3380,Neon Smarta 2,1,2025-09-22 08:52:49.483
2025-08-26 11:16:07.0566667,351924734913912,351924735934412,3380,Neon Smarta 2,1,2025-09-09 14:48:13.840
2025-08-26 08:50:49.0033333,351924733588178,351924734098276,3380,Neon Smarta 2,1,2025-09-13 11:41:58.520
2025-09-04 16:53:53.2800000,358104590204127,358104590714125,2780,Neon Ultra 2,1,2025-09-12 12:47:13.970
2025-07-25 10:55:32.5566667,358104590206940,358104590716948,2780,Neon Ultra 2,1,2025-07-31 13:34:13.083
2025-08-01 17:15:11.1900000,351924732514704,351924733024901,3380,Neon Smarta 2,1,2025-10-07 09:23:53.100
2025-09-17 19:13:23.8133333,358104590489710,358104590999718,2780,Neon Ultra 2,1,2025-09-22 10:43:23.587
2025-09-13 14:42:06.9233333,358104590454532,358104590964530,2780,Neon Ultra 2,1,2025-09-22 09:27:27.717
2025-08-22 16:10:11.0600000,358104590293534,358104590803530,2780,Neon Ultra 2,1,2025-10-07 12:31:12.743
2025-09-20 11:23:57.8433333,351924733508044,351924734018142,3380,Neon Smarta 2,1,2025-09-25 11:57:47.903
2025-07-21 14:34:39.8733333,358104590616312,358104591126311,2780,Neon Ultra 2,1,2025-08-07 14:09:54.777
2025-09-24 17:59:11.0566667,352070770148747,352070771169742,3380,Neon Smarta 2,1,2025-10-01 11:09:42.403
2025-09-15 16:07:28.0233333,358104590269484,358104590779482,2780,Neon Ultra 2,1,2025-09-20 09:48:07.033
2025-08-28 13:32:21.2333333,358104590225783,358104590735781,2780,Neon Ultra 2,1,2025-09-17 10:38:08.553
2025-09-10 13:50:02.3100000,358104590427561,358104590937569,2780,Neon Ultra 2,1,2025-09-17 14:48:24.020
2025-08-14 11:37:07.8366667,351924732140351,351924732650557,3380,Neon Smarta 2,1,2025-09-15 14:05:47.380
2025-08-30 16:07:59.3833333,358104590264782,358104590774780,2780,Neon Ultra 2,1,2025-09-16 15:32:56.497
2025-08-27 16:18:51.7500000,358104590139794,358104590649792,2780,Neon Ultra 2,1,2025-09-09 12:30:36.233
2025-09-04 17:30:46.2933333,358440600255877,358440600255885,2780,Neon Ultra,1,2025-09-10 10:27:01.057
2025-09-05 13:38:51.7500000,352070770271689,352070771292684,2180,Neon Smarta 2,1,2025-09-15 12:03:06.367
2025-09-18 13:34:20.8333333,352070770862743,352070771883748,2180,Neon Smarta 2,1,2025-09-27 13:22:36.553
2025-09-09 12:47:59.6000000,351924734579937,351924735600435,5380,Neon Smarta 2,1,2025-09-13 12:30:26.520
2025-08-01 16:40:57.2733333,351924733136481,351924733646588,5380,Neon Smarta 2,1,2025-08-08 09:34:32.137
2025-08-26 08:33:58.4366667,358104590019764,358104590070866,2780,Neon Ultra 2,1,2025-10-03 15:39:08.130
2025-09-10 17:41:13.1166667,358440603319134,358440603319142,2780,Neon Ultra,1,2025-09-15 09:38:15.883
2025-09-15 18:15:12.6466667,351924733453027,351924733963124,3380,Neon Smarta 2,1,2025-09-22 09:51:07.310
2025-08-16 12:11:44.4466667,351924734425198,351924735445690,5380,Neon Smarta 2,1,2025-09-19 14:53:53.480
2025-09-25 10:38:37.7100000,351924735023315,351924736043817,3380,Neon Smarta 2,1,2025-10-02 12:58:30.223
2025-09-22 17:35:43.7500000,351924731254674,351924731968679,3380,Neon Smarta 2,1,2025-10-07 11:19:31.340
2025-09-11 16:04:02.8566667,351924732501495,351924733011692,5380,Neon Smarta 2,1,2025-10-01 15:30:19.713
2025-09-03 15:12:10.9000000,358104590316392,358104590826390,2780,Neon Ultra 2,1,2025-09-15 10:58:25.863
2025-09-02 17:34:38.5433333,351924731052300,351924731766305,3380,Neon Smarta 2,1,2025-09-09 12:05:01.060
2025-09-06 14:15:42.0900000,351924730781552,351924731495558,5780,Neon Smarta 2,1,2025-09-16 15:23:20.983
2025-09-03 17:04:59.3866667,358440602904613,358440602904621,6880,Neon Ultra,1,2025-09-23 17:22:43.457
2025-08-29 13:32:36.9400000,358104590179642,358104590689640,4780,Neon Ultra 2,1,2025-09-18 14:52:02.860
2025-09-10 14:59:33.4000000,351924730301187,351924730607187,6480,Neon Smarta 2,1,2025-10-09 12:15:22.470
2025-07-30 13:59:08.4066667,352070770602669,352070771623664,2180,Neon Smarta 2,1,2025-08-06 16:01:10.590
2025-06-04 12:33:43.9200000,351924731012999,351924731726994,4180,Neon Smarta 2,1,2025-09-30 16:21:51.723
2025-08-26 07:21:03.4400000,358104590586739,358104591096738,7440,Neon Ultra 2,1,2025-09-18 12:47:28.710
2025-08-25 13:36:56.9200000,351924733457820,351924733967927,5380,Neon Smarta 2,1,2025-09-10 11:01:00.153
2025-09-10 12:27:32.0766667,351924733142471,351924733652578,5380,Neon Smarta 2,1,2025-09-16 08:35:05.420
2025-08-30 11:31:44.0233333,358104590530182,358104591040181,2780,Neon Ultra 2,1,2025-09-13 15:25:39.817
2025-09-09 17:35:42.3900000,351924735102853,351924736123353,3380,Neon Smarta 2,1,2025-09-12 10:31:26.700
2025-09-26 15:43:50.9900000,358104590034821,358104590085922,2780,Neon Ultra 2,1,2025-10-06 18:58:14.553
2025-09-02 10:37:28.5800000,351924733335885,351924733845982,3380,Neon Smarta 2,1,2025-09-15 11:24:09.907
2025-09-01 15:47:24.2600000,352070770060017,352070771081012,2180,Neon Smarta 2,1,2025-09-09 14:59:47.367
2025-09-02 16:40:52.3433333,358104590501688,358104591011687,2780,Neon Ultra 2,1,2025-09-17 14:27:00.793
2025-08-07 16:47:28.5000000,351924733530394,351924734040492,2180,Neon Smarta 2,1,2025-08-30 11:06:36.093
2025-09-13 10:13:58.1733333,351924732482209,351924732992405,3380,Neon Smarta 2,1,2025-09-23 08:44:38.820
2025-09-22 17:00:59.1733333,351924734347483,351924735367985,3380,Neon Smarta 2,1,2025-10-01 14:46:16.207
2025-09-06 13:49:22.8400000,351924733540336,351924734050434,4180,Neon Smarta 2,1,2025-09-10 13:55:44.413
2025-09-24 17:43:01.8900000,358104590249635,358104590759633,2780,Neon Ultra 2,1,2025-10-01 14:16:59.510
2025-08-22 15:52:59.9666667,358104590036982,358104590088082,2780,Neon Ultra 2,1,2025-09-24 10:22:49.843
2025-09-03 18:08:01.3066667,358104590539423,358104591049422,2780,Neon Ultra 2,1,2025-09-15 12:09:18.240
2025-08-07 16:41:13.1833333,351924734962877,351924735983377,2180,Neon Smarta 2,1,2025-08-27 16:39:48.437
2025-09-11 09:16:30.5300000,358104590332415,358104590842413,2780,Neon Ultra 2,1,2025-09-15 10:45:13.890
2025-08-27 10:55:33.3233333,358104590437065,358104590947063,3480,Neon Ultra 2,1,2025-09-30 09:45:40.310
2025-08-27 11:08:50.3300000,358104590265037,358104590775035,3480,Neon Ultra 2,1,2025-09-30 10:46:49.243
2025-09-13 14:59:24.0166667,351924734131184,351924735151686,3380,Neon Smarta 2,1,2025-09-22 11:15:25.910
2025-09-04 17:02:31.1900000,351924730988512,351924731702516,3380,Neon Smarta 2,1,2025-09-12 15:29:14.613
2025-06-19 09:13:47.1033333,351924734753979,351924735774479,3380,Neon Smarta 2,1,2025-09-02 17:18:37.527
2025-09-20 11:11:15.1600000,351924733352443,351924733862540,3380,Neon Smarta 2,1,2025-09-24 12:45:35.017
2025-09-24 17:40:58.0166667,351924734217215,351924735237717,3380,Neon Smarta 2,1,2025-10-01 16:34:15.227
2025-09-25 11:43:40.1566667,358440600198671,358440600198689,2780,Neon Ultra,1,2025-10-04 10:02:39.920
2025-08-22 16:46:45.7633333,358104590000368,358104590051460,2780,Neon Ultra 2,1,2025-09-12 15:23:15.590
2025-09-26 09:58:30.8600000,351924731033276,351924731747271,3380,Neon Smarta 2,1,2025-10-04 11:41:43.313
2025-09-10 17:43:49.3800000,358104590182828,358104590692826,2780,Neon Ultra 2,1,2025-09-22 13:59:33.103
2025-04-23 09:30:24.8800000,351924733453431,351924733963538,2180,Neon Smarta 2,1,2025-04-30 09:58:46.650
2025-09-08 09:44:05.9733333,358104590432645,358104590942643,2780,Neon Ultra 2,1,2025-09-12 17:05:48.160
2025-08-23 10:29:05.5566667,351924734929801,351924735950301,2180,Neon Smarta 2,1,2025-09-01 16:37:14.070
2025-09-18 10:51:28.6800000,352070770625843,352070771646848,3380,Neon Smarta 2,1,2025-09-22 16:11:45.920
2025-09-06 14:40:44.2100000,358104590394258,358104590904254,2780,Neon Ultra 2,1,2025-09-16 14:58:33.727
2025-09-01 10:24:02.3966667,351924731169104,351924731883100,4180,Neon Smarta 2,1,2025-09-08 13:23:39.553
2025-09-22 08:11:47.9966667,358104590171607,358104590681605,2780,Neon Ultra 2,1,2025-09-25 13:24:47.630
2025-09-09 11:15:39.8800000,358104590500219,358104591010218,6580,Neon Ultra 2,1,2025-09-16 11:40:28.823
2025-09-13 14:00:49.0233333,351924733145722,351924733655829,2180,Neon Smarta 2,1,2025-09-24 12:07:08.560
2025-09-20 16:39:56.0000000,358104590361786,358104590871784,2780,Neon Ultra 2,1,2025-09-26 10:41:29.873
2025-09-03 17:37:49.6333333,358104590465108,358104590975106,2780,Neon Ultra 2,1,2025-09-17 13:49:44.097
2025-09-25 13:03:38.0800000,351924734186204,351924735206704,3380,Neon Smarta 2,1,2025-10-01 14:56:11.563
2025-09-10 14:40:08.1833333,351924734447044,351924735467546,2180,Neon Smarta 2,1,2025-09-30 14:45:03.110
2025-09-25 12:42:17.7233333,352070770757109,352070771778104,2180,Neon Smarta 2,1,2025-10-01 13:01:19.463
2025-09-22 07:59:05.4166667,352070770835590,352070771856595,2180,Neon Smarta 2,1,2025-09-25 13:09:32.290
2025-09-10 11:13:38.6366667,358104590319149,358104590829147,6580,Neon Ultra 2,1,2025-09-15 13:03:44.353
2025-09-01 12:57:25.7200000,351924733133645,351924733643742,3380,Neon Smarta 2,1,2025-09-15 09:57:01.547
2025-09-08 17:01:42.4200000,358104590351381,358104590861389,2780,Neon Ultra 2,1,2025-09-30 13:14:46.860
2025-05-14 15:05:13.0533333,358104590264014,358104590774012,2780,Neon Ultra 2,1,2025-05-27 15:48:56.770
2025-09-22 17:10:58.0800000,358104590518278,358104591028277,2780,Neon Ultra 2,1,2025-09-26 11:21:49.733
2025-08-14 11:44:53.8366667,351924734976174,351924735996676,2180,Neon Smarta 2,1,2025-09-09 10:46:23.197
2025-09-12 10:47:12.4966667,358104590572853,358104591082852,2780,Neon Ultra 2,1,2025-09-17 10:59:44.753
2025-09-13 12:27:39.4933333,358104590365472,358104590875470,2780,Neon Ultra 2,1,2025-09-23 09:26:12.643
2025-09-29 12:24:18.2700000,358440602194116,358440602194124,3480,Neon Ultra,1,2025-10-01 16:02:38.107
2025-09-13 14:04:23.4800000,351924730745144,351924731459141,3380,Neon Smarta,1,2025-09-22 13:02:34.053
2025-09-24 17:50:57.8600000,351924734172907,351924735193407,2180,Neon Smarta 2,1,2025-10-01 11:31:56.937
2025-05-28 10:49:54.2900000,358104590576292,358104591086291,2780,Neon Ultra 2,1,2025-09-15 09:25:02.840
2025-09-25 12:49:08.7100000,352070770547872,352070771568877,2180,Neon Smarta 2,1,2025-10-01 13:36:56.620
2025-09-10 14:53:50.3500000,351924734767946,351924735788446,5380,Neon Smarta 2,1,2025-09-24 16:40:20.627
2025-09-05 08:19:33.8333333,358104590180814,358104590690812,2780,Neon Ultra 2,1,2025-09-13 13:44:39.427
2025-09-10 15:36:41.3900000,351924732590720,351924733100925,6080,Neon Smarta 2,1,2025-09-27 11:19:08.077
2025-09-13 10:11:48.7933333,351924732245150,351924732755356,3380,Neon Smarta 2,1,2025-09-18 08:51:48.283
2025-09-13 14:21:58.5166667,351924734458488,351924735478980,5380,Neon Smarta 2,1,2025-09-22 10:05:24.983
2025-09-10 15:44:49.3700000,351924733239392,351924733749499,6080,Neon Smarta 2,1,2025-09-19 15:52:59.733
2025-09-08 15:34:34.6933333,358440601893114,358440601893122,2780,Neon Ultra,1,2025-09-29 19:09:59.490
2025-09-09 11:32:45.2533333,351924735024628,351924736045127,2180,Neon Smarta 2,1,2025-09-16 12:04:54.730
2025-08-19 16:45:35.2433333,351924734758747,351924735779247,2180,Neon Smarta,1,2025-09-08 12:21:53.483
2025-09-25 17:41:45.0700000,352070770518071,352070771539076,3380,Neon Smarta 2,1,2025-10-04 10:17:25.310
2025-09-20 10:18:10.3566667,351924734345826,351924735366326,2180,Neon Smarta 2,1,2025-09-29 18:39:45.997
2025-09-11 16:48:18.7766667,358104590468102,358104590978100,2780,Neon Ultra 2,1,2025-09-26 11:48:32.963
2025-09-10 17:38:50.4200000,358104590354955,358104590864953,2780,Neon Ultra 2,1,2025-09-15 11:48:52.310
2025-07-30 10:32:09.0900000,351924734680636,351924735701134,3380,Neon Smarta 2,1,2025-08-23 17:59:19.460
2025-09-22 07:49:51.4400000,351924733334631,351924733844738,3380,Neon Smarta 2,1,2025-09-25 12:57:57.977
2025-08-25 09:16:29.9800000,351924732158551,351924732668757,3380,Neon Smarta 2,1,2025-09-10 11:02:06.550
2025-09-06 10:46:21.7866667,358104590216451,358104590726459,2780,Neon Ultra 2,1,2025-09-17 12:38:26.597
2025-09-03 17:42:26.0300000,352070770317995,352070771338990,3380,Neon Smarta 2,1,2025-09-12 13:32:59.090
2025-09-18 09:12:12.6733333,351924732155268,351924732665464,2180,Neon Smarta 2,1,2025-09-23 11:10:05.333
2025-08-25 16:12:25.3266667,351924733457994,351924733968099,6340,Neon Smarta 2,1,2025-10-03 13:56:55.183
2025-09-01 11:29:38.6900000,352070770163043,352070771184048,2180,Neon Smarta 2,1,2025-09-15 14:17:21.687
2025-08-21 13:26:36.6766667,351924734917400,351924735937902,6080,Neon Smarta 2,1,2025-09-24 09:22:14.850
2025-09-18 10:31:11.3000000,351924734825504,351924735846004,4180,Neon Smarta 2,1,2025-10-09 12:04:35.647
2025-09-02 14:35:53.1466667,358104590406953,358104590916951,2780,Neon Ultra 2,1,2025-09-09 12:48:17.270
2025-09-24 17:55:13.5166667,351924732190869,351924732701061,2180,Neon Smarta 2,1,2025-10-01 11:54:35.903
2025-09-18 10:42:57.4400000,351924731240616,351924731954612,4180,Neon Smarta 2,1,2025-10-04 11:12:20.283
2025-09-08 17:12:52.4600000,351924730686892,351924731400897,6080,Neon Smarta 2,1,2025-09-15 15:52:31.093
2025-09-22 09:56:22.8100000,351924734161496,351924735181998,5380,Neon Smarta 2,1,2025-09-25 09:49:03.620
2025-09-01 16:27:10.4700000,358440601495514,358440601495522,2780,Neon Ultra,1,2025-09-13 13:17:38.993
2025-09-26 16:23:51.6600000,351924731306102,351924732020108,5380,Neon Smarta 2,1,2025-10-13 14:40:01.297
2025-09-11 15:03:02.3500000,358104590406276,358104590916274,2780,Neon Ultra 2,1,2025-09-17 12:01:48.687
2025-09-24 11:34:30.3966667,351924734275155,351924735295657,3380,Neon Smarta 2,1,2025-10-01 15:12:46.730
2025-09-03 17:09:02.5033333,358104590411995,358104590921993,2780,Neon Ultra 2,1,2025-09-10 09:38:30.200
2025-09-26 17:20:47.5733333,358104590482764,358104590992762,2780,Neon Ultra 2,1,2025-10-02 16:35:45.563
2025-09-16 15:54:24.6866667,351924734428176,351924735448678,3380,Neon Smarta 2,1,2025-09-23 11:13:54.653
2025-08-30 11:13:05.8333333,352070770032313,352070771053318,2180,Neon Smarta 2,1,2025-09-09 11:04:47.807
2025-09-19 16:43:43.2733333,351924732090960,351924732601162,5580,Neon Smarta 2,1,2025-10-01 15:08:22.137
2025-09-18 09:57:09.1300000,358440602168631,358440602168649,2780,Neon Ultra,1,2025-09-23 14:43:20.437
2025-09-16 12:01:40.1733333,351924734139815,351924735160315,4180,Neon Smarta 2,1,2025-09-29 15:38:47.330
2025-08-22 16:20:51.3666667,351924733598987,351924734109081,6080,Neon Smarta 2,1,2025-10-07 12:45:41.470
2025-09-03 17:11:03.4100000,358104590353890,358104590863898,2780,Neon Ultra 2,1,2025-09-10 09:37:35.020
2025-09-10 11:35:09.9866667,351924734463330,351924735483832,3380,Neon Smarta 2,1,2025-09-15 12:31:09.477
2025-09-23 10:14:12.8700000,351924730956014,351924731670010,2380,Neon Smarta 2,1,2025-09-26 15:04:31.653
2025-09-15 11:55:02.6333333,358104590225775,358104590735773,2780,Neon Ultra 2,1,2025-09-20 09:15:31.333
2025-09-17 19:03:49.3433333,351924733284018,351924733794115,2180,Neon Smarta 2,1,2025-09-22 10:22:55.553
2025-09-09 12:21:00.8666667,352070770311709,352070771332704,2180,Neon Smarta 2,1,2025-09-16 12:33:09.100
2025-09-15 14:59:31.2500000,358440603434271,358440603434289,2780,Neon Ultra,1,2025-09-23 09:39:04.873
2025-09-13 11:35:58.1800000,358104590416655,358104590926653,7030,Neon Ultra 2,1,2025-09-26 16:14:07.953
2025-09-09 17:04:20.7500000,358104590334353,358104590844351,2780,Neon Ultra 2,1,2025-09-15 14:47:22.610
2025-09-22 17:54:29.5666667,358104590616437,358104591126436,2780,Neon Ultra 2,1,2025-10-04 13:16:26.233
2025-08-19 08:16:29.5200000,351924734558469,351924735578961,5580,Neon Smarta 2,1,2025-09-16 17:35:16.720
2025-09-06 10:44:13.9300000,358104590195549,358104590705545,2780,Neon Ultra 2,1,2025-09-24 10:15:40.363
2025-08-25 15:24:14.2333333,351924730019318,351924730325319,3380,Neon Smarta 2,1,2025-09-19 14:10:40.857
2025-09-12 14:54:59.8233333,351924732104993,351924732615196,3380,Neon Smarta 2,1,2025-09-17 13:01:23.247
2025-09-22 17:02:05.7633333,351924732314097,351924732824293,3380,Neon Smarta 2,1,2025-09-26 09:59:41.973
2025-08-11 16:42:43.0166667,351924735003044,351924736023546,4380,Neon Smarta 2,1,2025-09-29 13:08:41.600
2025-08-30 16:24:33.7400000,358104590630883,358104591140882,2780,Neon Ultra 2,1,2025-09-15 11:32:06.900
2025-08-21 13:55:27.5600000,351924735011864,351924736032364,3380,Neon Smarta 2,1,2025-08-29 10:26:11.600
2025-08-29 15:39:23.2233333,351924734654342,351924735674844,2180,Neon Smarta 2,1,2025-09-08 09:56:39.883
2025-07-23 16:25:25.7300000,351924735032191,351924736052693,3380,Neon Smarta 2,1,2025-10-07 12:38:37.213
2025-09-13 14:15:03.7700000,351924734729474,351924735749976,2180,Neon Smarta,1,2025-09-22 11:49:25.280
2025-09-15 14:02:34.6833333,358104590586812,358104591096811,2780,Neon Ultra 2,1,2025-09-22 16:08:33.110
2025-08-16 11:43:19.1800000,351924734296656,351924735317154,2180,Neon Smarta 2,1,2025-08-26 15:13:52.627
2025-09-03 11:03:55.3066667,358104590355739,358104590865737,2780,Neon Ultra 2,1,2025-09-15 12:58:40.317
2025-09-01 10:27:36.7000000,351924733587642,351924734097740,3380,Neon Smarta 2,1,2025-09-09 15:15:25.410
2025-08-22 13:55:49.8133333,351924734236348,351924735256840,3380,Neon Smarta,1,2025-09-09 12:21:55.077
2025-01-25 11:29:18.7433333,351924732533670,351924733043877,2180,Neon Smarta 2,1,2025-08-02 13:19:25.190
2025-09-02 18:29:09.7933333,358104590531768,358104591041767,2780,Neon Ultra 2,1,2025-09-13 18:31:20.890
2025-09-25 12:35:19.9466667,351924731002511,351924731716516,2180,Neon Smarta 2,1,2025-10-06 19:17:13.040
2025-09-09 12:25:02.2866667,358104590575658,358104591085657,2780,Neon Ultra 2,1,2025-09-13 12:17:47.970
2025-09-26 16:41:00.9833333,358104590384606,358104590894604,6580,Neon Ultra 2,1,2025-10-07 13:04:38.970
2025-08-27 11:35:20.0633333,351924733407437,351924733917534,3380,Neon Smarta 2,1,2025-09-19 14:03:31.353
2025-08-05 11:04:02.4033333,351924730786064,351924731500068,3380,Neon Smarta 2,1,2025-08-30 11:19:56.930
2025-08-22 14:01:19.5533333,358104590002141,358104590053243,2780,Neon Ultra 2,1,2025-09-11 10:41:26.033
2025-07-12 12:23:15.2700000,358104590499206,358104591009202,2780,Neon Ultra 2,1,2025-08-09 09:49:15.530
2025-09-02 18:57:48.4100000,358104590515985,358104591025984,2780,Neon Ultra 2,1,2025-09-23 17:17:23.847
2025-09-13 10:18:18.8533333,351924730698970,351924731412975,3380,Neon Smarta 2,1,2025-09-23 09:06:39.677
2025-09-09 09:40:26.4133333,351924734494806,351924735515302,3380,Neon Smarta 2,1,2025-09-10 13:08:34.950
2025-08-27 11:20:53.2166667,358104590360440,358104590870448,6580,Neon Ultra 2,1,2025-09-30 08:45:20.313
2025-08-19 12:48:32.8066667,358104590322671,358104590832679,2780,Neon Ultra 2,1,2025-09-09 12:08:57.710
2025-09-26 16:47:30.5000000,358104590482996,358104590992994,2780,Neon Ultra 2,1,2025-10-02 14:47:24.757
2025-08-14 10:58:08.0100000,351924735070365,351924736090867,3380,Neon Smarta 2,1,2025-08-25 10:22:39.757
2025-09-17 15:54:36.6166667,351924733454298,351924733964395,2980,Neon Smarta,1,2025-09-25 14:28:16.003
2025-09-16 12:06:03.6200000,358104590346878,358104590856876,2780,Neon Ultra 2,1,2025-09-29 11:55:56.460
2025-09-16 17:06:53.8466667,351924735017598,351924736038098,2980,Neon Smarta 2,1,2025-09-23 10:11:25.550
2025-09-11 16:01:40.7200000,351924734518265,351924735538767,3380,Neon Smarta 2,1,2025-10-13 12:52:17.350
2025-09-10 17:52:17.1233333,358104590511885,358104591021884,2780,Neon Ultra 2,1,2025-09-19 16:37:30.907
2025-08-21 08:40:14.1333333,351924734302058,351924735322550,2180,Neon Smarta 2,1,2025-09-01 16:28:56.013
2025-09-03 11:24:27.5633333,358104590352652,358104590862650,6580,Neon Ultra 2,1,2025-09-15 14:06:08.497
2025-09-15 10:53:04.5000000,351924734737196,351924735757698,3380,Neon Smarta 2,1,2025-09-29 17:32:52.453
2025-09-10 15:15:52.6000000,351924734328921,351924735349421,3380,Neon Smarta 2,1,2025-10-13 12:58:24.980
2025-09-04 15:39:12.1533333,358440600770792,358440600770800,6280,Neon Ultra,1,2025-09-29 14:35:56.610
2025-09-25 13:03:00.3833333,358104590393672,358104590903678,2780,Neon Ultra 2,1,2025-10-06 19:11:12.850
